Request;Count
site:www.cdiscount.com/sa-10/;0
site:www.cdiscount.com/le-sport/r-;0
site:www.cdiscount.com/telephonie/r-;0
site:www.cdiscount.com/photo-numerique/r-;0
site:www.cdiscount.com/high-tech/r-;0
site:www.cdiscount.com/chaussures/r-;0
site:www.cdiscount.com/bagages/r-;0
site:www.cdiscount.com/bijouterie/r-;0
site:www.cdiscount.com/vin-champagne/r-;0
site:www.cdiscount.com/au-quotidien/r-;0
site:www.cdiscount.com/maison/r-;0
site:www.cdiscount.com/electromenager/r-;0
site:www.cdiscount.com/juniors/r-;0
site:www.cdiscount.com/informatique/r-;0
site:www.cdiscount.com/dvd/r-;0
site:www.cdiscount.com/auto/r-;0
site:www.cdiscount.com/livres-bd/r-;0
